id;title;code
fadd28fc-a276-419f-b874-ea01eb5aba83;یا بوییده;دور
d583460d-ebae-4551-aa24-6d0c3d06e954;تصمیم گرفتن بدون توجه به آهنگ;مدیر گم شدن کامل
945f4840-8cb6-4fa7-a42f-420480fdef0f;oddly مادر lazily;مجله
30a0ac37-ccba-4cf7-acfe-59b6f4fa17c6;خسته tomorrow;زیرا quaintly شاعر
f2dbc74c-4f4c-441b-a493-91eae48b9852;یا آهان هر چند;اِی وای قبول کردن و
dd9801f5-43b0-4e85-a15d-74450512e0a5;یاالله پر کشاورز;نویسنده
15017893-9e4a-4e8b-81a8-de23fd4bcbd1;پوشیده;داغ تنیس
d767ac7c-6dc7-4520-82b6-2dde64a72c3d;upbeat کوچک;آفرین هر چند اوف
dc71bc31-d2bd-4abf-bd97-908001f80dfb;اگرچه علاوه بر;بدون توجه به
32601139-29c3-4577-acf5-b979ca84c597;خبر;تلاش کردن
