id;first_name;last_name;requitment_date;father;shenasname;mahalesodur;birthday;is_single;last_education;education_field;children
d98d7fcb-aff9-4b05-9b68-16f25a83c564;فرهنگ;گلپایگانی;ناشنا بزرگ;ماه;آه بین‌المللی یاالله;یاالله هورا اوه;shrilly سگ;روزنامه رد کردن روز;همچنین triumphantly;همچنین;42
dcdef527-1965-4dc1-9367-d3a9cb302795;نوشین;لاچینی;تا اوه اِی وای;لیکن گشاد احساس کردن;از پیشنهاد دادن;fast;جدید likely سرگرم‌کننده;وای زیبا راه انداختن;چون;تلاش کردن همچون بلکه;42
af9a2e90-5d3d-4809-8130-0db86f5eac4d;ترانه;مجتهد شبستری;امیدوار بودن موبایل آهنگ;more;اما;یا;quirkily;واو;صبح;همچون;42
149ab479-7979-433a-990d-7e59dcd8f110;رادبانو;فتاحی;بدون توجه به knowledgeably;آهان;هر چند مشهور;خام دقیق;یا آهان عالی;تا ناشناخته دوست;یا آهنگ;بد به تناسب اِی وای;42
db3898b2-0528-4d9c-a968-7e8217709c70;دارا;فنی‌زاده;در عوض;هورا;انتظار داشتن joyfully تسلط داشتن;هورا;بچه punctually;هورا مادر;برای آه;آهان yawningly درست کردن;42
ebdfd9f7-8665-4781-8dd4-a2a3dbf249dd;کاووس;مصباح‌زاده;خوابیدن تا حدودی;بلکه قدیمی;dearly;sadly واکنش نشان دادن equally;یاالله;برابر با همچون ورزشی;usefully;poorly;42
8fee6b07-6e9d-4935-b808-176d762a9c16;گوهر ناز;کاویانی;برابر با خبر;آفرین;هورا لیکن نامناسب;سفارش دادن خوردن;زیرا به طوری که;با احترام به آفرین;اِی وای;بین اما;42
cbe8afdc-0263-4c8a-9e88-e3ff06d44810;جویا;فتاحی;همچون به طور عمده در مقابل;خوردن truly;بیسبال بنابراین ناشناخته;آه;آفرین وای مجبور کردن;really اوف;بسته درخواست کردن;گم شدن چون;42
85629100-1aea-475f-a22d-c8463920e974;بهرام;لوکس;unnecessarily اما;یا صبح ساحلی;ثانوی;باغ thoroughly به‌روز;به عنوان;بلکه;عالی;پزشک تلخ;42
4c2aa7be-69f3-42cb-b957-c49e15b3974f;اورنگ;نعمت‌زاده;رد کردن;آفرین;میز میز تنگ;مرده نامناسب;فکر کردن;سفارش دادن;تسلط داشتن کارمندی;کوچک یا;42
